Claim,Source Name,Source URL,Verdict,Review Publication Date,Image URL,Tags
Past temperatures prove CO2 cannot drive global warming,AFP Fact Check,https://factcheck.afp.com/doc.afp.com.34PQ6M7,Misleading,2024-04-24 07:00:00,https://encrypted-tbn2.gstatic.com/images?q=tbn:ANd9GcSk0-sBEJuJtNp6tdPzgx6lj6iTzOAm5leVztLFttpGeLFydlYE,"['Диоксид углерода', 'Глобальное потепление', 'Температура']"
"Higher temps are only the result of urban development, not global warming",USA Today,https://www.usatoday.com/story/news/factcheck/2024/05/15/urban-heat-islands-global-warming-fact-check/73676720007/,Missing Context,2024-05-15 07:00:00,https://encrypted-tbn3.gstatic.com/images?q=tbn:ANd9GcQ-mieQqv-nO2Z9jiS5FdFby6254QvBvG-W46oR05gYO4yfMSWl,"['Изменение климата', 'Погода', 'Градостроительство']"
Satellite image time-lapse of coastline shows climate change isn't real,USA Today,https://www.usatoday.com/story/news/factcheck/2024/04/29/no-satellite-timelapse-doesnt-disprove-climate-change-fact-check/73285056007/,False,2024-04-29 07:00:00,https://encrypted-tbn1.gstatic.com/images?q=tbn:ANd9GcQLg24qGNA-YSIu5lhp1mVN272clsPbNWdJN3WW3fpg0MaAfiWM,"['Изменение климата', 'Климат', 'Замедленная киносъёмка', 'Искусственный спутник', 'Образ', 'Побережье', 'Время', 'Спутниковая фотосъёмка']"
Climate scientists disagree about how much warming is associated with our emissions and whether this warming is larger than natural climate variability from the sun and volcanic eruptions,Climate Feedback,https://climatefeedback.org/claimreview/no-evidence-significant-influence-volcanoes-solar-variability-on-recent-climate-change-contrary-judith-curry-claims-prageru-video/,Misleading,2024-04-26 07:00:00,,"['Изменение климата', 'Климат', 'Вулкан', 'Учёный', 'Извержение вулкана', 'Солнце']"
Post implies old temps on Staten Island show humans don't cause warming,USA Today,https://www.usatoday.com/story/news/factcheck/2024/04/26/staten-island-temperature-global-warming-fact-check/73308373007/,Missing Context,2024-04-26 07:00:00,https://encrypted-tbn2.gstatic.com/images?q=tbn:ANd9GcSZXwsH7HahajbZYOu_k0cL76BSNtqfLvdWlt-dFlW04CvyXGBR,"['Изменение климата', 'Статен-Айленд', 'Человек', 'Погода']"
Ice core data shows CO2 does not cause global temperature changes,USA Today,https://www.usatoday.com/story/news/factcheck/2024/04/11/ice-cores-global-warming-co2/72565896007/,False,2024-04-11 07:00:00,https://encrypted-tbn0.gstatic.com/images?q=tbn:ANd9GcTc5LWYP9mEob9b2g7-hYtumzrDko-rjJ9OhmjzCW3DzqCcNQEb,"['Ледяные керны', 'Диоксид углерода', 'Лёд', 'Температура', 'глобальный температурный рекорд', 'Данные']"
"Human-contributed CO2 is .0016% of atmosphere, so can't spur climate change",USA Today,https://www.usatoday.com/story/news/factcheck/2024/03/11/co2-atmosphere-percentage-global-warming/72858354007/,False,2024-03-11 07:00:00,https://encrypted-tbn2.gstatic.com/images?q=tbn:ANd9GcTpichdh1HzSclp6VbKzS7yk-4qQJQitAlvxEmTMclVNqken4GB,"['Диоксид углерода', 'Глобальное потепление', 'Атмосфера', 'Климат', 'Человек']"
El Niño is responsible for record warming in 2023,AFP Fact Check,https://factcheck.afp.com/doc.afp.com.34MV88M,Misleading,2024-04-03 07:00:00,https://encrypted-tbn0.gstatic.com/images?q=tbn:ANd9GcRgpMEszf7PO-zhnzDIrOf3bJD0vK4PW_pvzYNZ3-oteJO8zCqX,"['Изменение климата', '2023']"
"Ice cores from Greenland show no significant warming, casting doubt on the climate change theory",Climate Feedback,https://climatefeedback.org/claimreview/data-shows-temperatures-rising-greenland-world-current-global-warming-driven-co2-not-solar-activity/,Inaccurate,2024-03-25 07:00:00,,"['Изменение климата', 'Ледяные керны', 'Климат', 'Лёд', 'Теория']"
A weather forecaster said global warming is a scam designed to usher in a global communist takeover.,Full Fact,https://fullfact.org/online/weather-forecast-global-warming/,"Incorrect. The subtitles on the video are wrong, and may be intended as a joke. The presenter actually discusses the weather conditions across Mexico and in the city of Guadalajara.",2024-03-21 07:00:00,,"['Погода', 'Изменение климата', 'Телевизионный метеоролог', 'Коммунизм']"
Changes in Antarctic sea ice coverage shows global warming is not happening,USA Today,https://www.usatoday.com/story/news/factcheck/2024/02/20/antarctic-sea-ice-extent-global-warming-real/72654412007/,False,2024-02-20 08:00:00,https://encrypted-tbn2.gstatic.com/images?q=tbn:ANd9GcS4i-COwsANeqxyz_JSggcS3GsS--3VdVEABzLQFk6hZGBYtTH5,"['Морской лёд', 'Антарктический морской лёд', 'Глобальное потепление', 'Антарктика', 'Лёд', 'Море']"
The Milankovitch cycles are driving post-Industrial revolution global warming.,Australian Associated Press,https://www.aap.com.au/factcheck/no-natural-cycles-cannot-explain-post-industrial-revolution-warming/,False. The current rate of warming is faster than any Milankovitch change could produce.,2024-03-05 08:00:00,https://encrypted-tbn1.gstatic.com/images?q=tbn:ANd9GcTqelRgdvg9fchVnQPK6QYzi4wxxyADMGmqQHoh-hMKFuGG7ZlD,"['Изменение климата', 'Циклы Миланковича', 'Промышленная революция', 'Милутин Миланкович']"
Climate Change Is A Scam !!,Fact Crescendo Sri Lanka,https://srilanka.factcrescendo.com/english/misleading-claims-are-being-circulated-targeting-wef-and-the-significant-nature-of-global-climate-change/,Misleading,2024-03-05 08:00:00,https://encrypted-tbn3.gstatic.com/images?q=tbn:ANd9GcTs4nF3Q74pj8es9mSHi8CXRjto90G_N62a3Zkzmpu7Ej9-K414,"['Изменение климата', 'Климат']"
All Climate Change Predictions Are Wrong !!,Fact Crescendo Sri Lanka,https://srilanka.factcrescendo.com/english/unpacking-the-truth-behind-climate-change-predictions-and-carbon-taxes/,Missing Context,2024-02-22 08:00:00,https://encrypted-tbn0.gstatic.com/images?q=tbn:ANd9GcQ9IMFIjLh3qavptnTjewyPOHSGjrIwXoY8aX8jT3jseIyv0VBy,"['Изменение климата', 'Климат', 'Предвидение']"
Climate change is a 'hoax' because CO2 is only 0.04% of the atmosphere,USA Today,https://www.usatoday.com/story/news/factcheck/2024/02/21/co2-percentage-used-to-mislead-on-global-warming-fact-check/72539359007/,False,2024-02-21 08:00:00,https://encrypted-tbn1.gstatic.com/images?q=tbn:ANd9GcQ57x3h49MRd8_ypg9kiQmdrOKqgFb9IezHg4lfvmwuT42-RsQF,"['Изменение климата', 'Диоксид углерода', 'Климат', 'Атмосфера']"
Post implies modern climate change is caused by the sun,USA Today,https://www.usatoday.com/story/news/factcheck/2024/02/15/sun-impact-global-warming-climate-change-fact-check/72600226007/,Missing Context,2024-02-15 08:00:00,https://encrypted-tbn2.gstatic.com/images?q=tbn:ANd9GcQIXFQjxKnDGnZh8lGXY11HG65RwzvT_bVK0iSxKsn0MhQD7AKR,"['Изменение климата', 'Климат', 'Солнце']"
"Carbon dioxide does not cause global warming, scientists are 90% sure it’s the Sun; The climate problems blamed on carbon dioxide (such as ocean acidification and negative impacts on polar bears) are not real",Climate Feedback,https://climatefeedback.org/claimreview/evidence-greenhouse-gasses-cause-global-warming-denied-willie-soon-tucker-carlson-interview-mass-social-media-climate-misinformation/,Incorrect,2024-01-22 08:00:00,https://encrypted-tbn3.gstatic.com/images?q=tbn:ANd9GcTEColhPBNLMkx4Q-WoS69_Qg8LGJa2CpCw3dw7gMQVCoKI4-Cv,"['Изменение климата', 'Учёный', 'Диоксид углерода', 'Океан', 'Закисление океана', 'Белый медведь', 'Солнце']"
"""We knew 100 years ago what would happen by burning fossil fuels.""",PolitiFact,https://www.politifact.com/article/2024/jan/21/did-the-world-know-about-global-warming-a-c/,"Some was known, but not fully",2024-01-21 08:00:00,https://encrypted-tbn1.gstatic.com/images?q=tbn:ANd9GcS347FxyU7JAmSzwc6gcTdZjdpCfStKsymof6qRg7F9iwWOy9bn,"['Топливо', 'Манчестер', 'Нью-Хэмпшир', 'Ископаемое топливо']"
No one has shown that human CO2 emissions drive global warming,USA Today,https://www.usatoday.com/story/news/factcheck/2023/12/20/humans-cause-global-warming-fact-check/71714659007/,False,2023-12-20 08:00:00,https://encrypted-tbn1.gstatic.com/images?q=tbn:ANd9GcRIDWDOcibsTlzUPd5r5ohaA3xpbwz0pKB27h6oQVwQ8rFkXLpi,"['Глобальное потепление', 'Человек', 'Диоксид углерода']"
Most US temperature sensors are near airport runways,USA Today,https://www.usatoday.com/story/news/factcheck/2024/01/08/no-global-warming-isnt-the-result-of-manipulated-data-fact-check/71875455007/,False,2024-01-08 08:00:00,https://encrypted-tbn2.gstatic.com/images?q=tbn:ANd9GcRiDYrjIndhJ_8GCGMXbX9Vj3s1jXgvX7CEGUbI6EDwBPDncs5M,"['Температура', 'Аэропорт', 'Датчик', 'Взлётно-посадочная полоса', 'Соединенные Штаты Америки']"
Stratospheric aerosol injections are the root of global warming,AFP Fact Check,https://factcheck.afp.com/doc.afp.com.349J6TQ,False,2024-01-05 08:00:00,https://encrypted-tbn0.gstatic.com/images?q=tbn:ANd9GcStlE0cfcuFfrW0cVq39eahesPp53f_WihY14ky7L4_1psP9kDT,"['Стратосфера', 'Изменение климата', 'Аэрозоль']"
"Scientists predicted global cooling and were wrong, so they are wrong about global warming",Climate Feedback,https://climatefeedback.org/claimreview/uncertainties-about-future-climate-change-1970s-does-not-invalidate-today-evidence-reality-global-warming/,Inaccurate,2023-12-19 08:00:00,,"['Изменение климата', 'Глобальное похолодание', 'Учёный', 'Предвидение']"
Plane bound for climate conference in Dubai froze on German runway,AFP Fact Check,https://factcheck.afp.com/doc.afp.com.347U4NK,False,2023-12-19 08:00:00,https://encrypted-tbn0.gstatic.com/images?q=tbn:ANd9GcTa0hO9iNK6CDk46Tv9P7y6aoNZFDXp-uxlKASDBWCueVgBVme_,"['Климат', 'Самолёт', 'Взлётно-посадочная полоса', 'Конференция ООН об изменении климата', 'Германия', 'Дубай']"
We do not know if CO2 is the cause of global warming,Climate Feedback,https://climatefeedback.org/claimreview/wall-street-journal-questions-decades-scientific-evidence-demonstrating-elevated-atmospheric-co2-causes-global-warming/,Inaccurate,2023-11-21 08:00:00,https://encrypted-tbn1.gstatic.com/images?q=tbn:ANd9GcRLbbVQss4iE-7XE5HrVl7vx5fKO9IgPGULqWvSJd7137UkXKpz,"['Глобальное потепление', 'Диоксид углерода', 'Знание']"
Water vapor is the most abundant greenhouse gas so it is the main cause of recent global warming,Climate Feedback,https://climatefeedback.org/claimreview/water-vapor-greenhouse-gas-not-major-driver-global-warming/,Incorrect,2023-12-08 08:00:00,,"['Водяной пар', 'Парниковые газы', 'Изменение климата', 'Пар', 'Вода', 'Газ', 'Теплица']"
"Increases in atmospheric CO2 is mainly from natural causes, like ocean outgassing, and not from humans who emit so little in comparison",Climate Feedback,https://climatefeedback.org/claimreview/video-ian-plimer-incorrectly-states-human-co2-emissions-not-responsible-for-increased-atmospheric-co2-concentrations-global-warming/,Incorrect,2023-12-04 08:00:00,https://encrypted-tbn1.gstatic.com/images?q=tbn:ANd9GcSSDJHuJVWiUf-dJ889kHQ7W-ZVFd8M6YxWZKn9syTYQwtzlaMy,"['Диоксид углерода', 'Атмосфера', 'Человек', 'Океан', 'Дегазация']"
New photosynthesis study shows that Earth is not warming as predicted by climate models,Climate Feedback,https://climatefeedback.org/claimreview/global-warming-matches-model-predictions-well-misconstrued-claims-new-photosynthesis-study/,Inaccurate,2023-12-01 08:00:00,,"['климатическая модель', 'Фотосинтез', 'Изменение климата', 'Климат', 'Предвидение', 'Земля']"
"Trees absorb all CO2 in US; climate change caused by El Niño, sea volcanoes",USA Today,https://www.usatoday.com/story/news/factcheck/2023/11/29/false-claim-global-warming-from-volcanoes-and-el-nio-fact-check/71440999007/,False,2023-11-29 08:00:00,https://encrypted-tbn1.gstatic.com/images?q=tbn:ANd9GcTBSn6mefLheiUp-S2cDOdKiRVseFgnI8Mp0mgVPWGXMHbK2MLk,"['Изменение климата', 'Вулкан', 'Диоксид углерода', 'Море', 'Климат', 'Соединенные Штаты Америки', 'Дерево']"
Decreasing natural disaster death counts show climate change isn't real,USA Today,https://www.usatoday.com/story/news/factcheck/2023/11/27/false-claim-disaster-deaths-show-climate-change-not-real-fact-check/71249882007/,False,2023-11-27 08:00:00,https://encrypted-tbn2.gstatic.com/images?q=tbn:ANd9GcQrOZ_onHN02HRqc5OPZtv56-QWWjPJfS_UEk4oI3hMfGw87GUF,"['Изменение климата', 'Катастрофа', 'Климат', 'Смерть', 'Стихийное бедствие', 'Природа']"
Post implies 1913 record temp in Death Valley shows global warming not real,USA Today,https://www.usatoday.com/story/news/factcheck/2023/09/21/death-valley-heat-record-1913-global-warming-fact-check/70835613007/,Missing Context,2023-09-21 07:00:00,https://encrypted-tbn1.gstatic.com/images?q=tbn:ANd9GcSAp_GMz7ZFzr1s7ayWvHCmNK2pBsfa_On-CH5IddhQuBhVvXWI,"['Температура', 'Долина Смерти', 'Изменение климата', 'Долина']"
"""The amount of carbon dioxide in the atmosphere is actually close to an all-time low ever in human history.""",FactCheck.org,https://www.factcheck.org/2023/09/scicheck-ramaswamys-climate-change-spin/,False,2023-09-15 07:00:00,https://encrypted-tbn1.gstatic.com/images?q=tbn:ANd9GcR4nPe9LVgOXB87MN5i2ZzF5_PIPV7ankdlO9KVrHYBSkV3v6P7,"['Человек', 'Время', 'Атмосфера Земли', 'Диоксид углерода', 'Всемирная история', 'Атмосфера', 'История']"
"""96 percent of US climate data is corrupted""",AFP Checamos,https://checamos.afp.com/node/51521,False,,https://encrypted-tbn0.gstatic.com/images?q=tbn:ANd9GcTbWjwfmgYuKJzb3qxOURNINEa8YmRrF_FTnKjXKs6iPmzX9BNi,"['Климат', 'Данные', 'Соединенные Штаты Америки', 'Процент']"
“The climate change agenda is a hoax … The reality is more people are dying of bad climate change policies than they are of actual climate change.”,The Washington Post,https://www.washingtonpost.com/politics/2023/08/25/vivek-ramaswamy-says-hoax-agenda-kills-more-people-than-climate-change/,Four Pinocchios,2023-08-25 07:00:00,https://encrypted-tbn2.gstatic.com/images?q=tbn:ANd9GcTGl8NZCtoeCPCQWd4oJNz8rsYKRwRltMPv1zjDsKtgidA41ixO,"['Изменение климата', 'Климат', 'Политика', 'Республиканская партия', 'Дебаты']"
The term global warming was changed to climate change because the earth wasn’t warming as predicted.,Australian Associated Press,https://www.aap.com.au/factcheck/mish-mash-of-misinformation-gives-climate-change-a-bad-name/,"False. Global warming is still used to describe a warming planet and was never interchangeable with climate change. The earth has warmed, as predicted.",2023-08-25 07:00:00,https://encrypted-tbn2.gstatic.com/images?q=tbn:ANd9GcQGoM0aeiokkHCYbTPACpwFQzNpBVoGlcIdaDlVCC-50cLNwAcs,"['Изменение климата', 'Климат', 'Земля']"
Global News changed its weather map colors to sew climate panic,AFP Fact Check,https://factcheck.afp.com/doc.afp.com.33RD8GF,Misleading,2023-08-18 07:00:00,https://encrypted-tbn2.gstatic.com/images?q=tbn:ANd9GcQqj_8ch9helxF_vxDYx2RqiwDZ1yOEjtO075Yp6LBf6XXtvNLr,"['Синоптическая карта', 'Погода', 'Географическая карта', 'Климат', 'Цвет', 'Global News', 'Новости']"
"Warming caused by Milankovitch cycles and solar inertial motion, not CO2",USA Today,https://www.usatoday.com/story/news/factcheck/2023/08/17/no-milankovitch-cycles-dont-cause-modern-global-warming-fact-check/70471408007/,False,2023-08-17 07:00:00,https://encrypted-tbn0.gstatic.com/images?q=tbn:ANd9GcTCvbcssavRufNxw3DBqfJ-aRnZWjPiOWa-ocHJ-9i4r1kbXgRi,"['Циклы Миланковича', 'Изменение климата', 'Милутин Миланкович', 'Диоксид углерода', 'Механическое движение', 'Солнечная энергия', 'Инерция', 'Инерциальная система отсчёта']"
Independent.ie published headline about 'asymptomatic global warming',AFP Fact Check,https://factcheck.afp.com/doc.afp.com.33Q299K,Altered,2023-07-28 07:00:00,https://encrypted-tbn3.gstatic.com/images?q=tbn:ANd9GcSjcClxkCjRydOxpZwMYLCj3YA9rfTYQx8sBPv5AQ2w7TNu_4Aj,"['Изменение климата', 'Irish Independent', 'Рубрикация', 'Без симптомов']"
Media reported that Ireland suffers 'from asymptomatic global warming',USA Today,https://www.usatoday.com/story/news/factcheck/2023/07/27/headline-about-irish-global-warming-is-fabricated-fact-check/70459677007/,False,2023-07-27 07:00:00,https://encrypted-tbn2.gstatic.com/images?q=tbn:ANd9GcTpichdh1HzSclp6VbKzS7yk-4qQJQitAlvxEmTMclVNqken4GB,"['Изменение климата', 'Медиа', 'Без симптомов']"
"A headline on the Irish Independent website said “Climate crisis explainer:
Why is July so cold while everywhere else on the planet is burning? Prof. Luke O'Neill says Ireland is suffering from asymptomatic global warming.”",Full Fact,https://fullfact.org/online/fake-independent-ie-headline-global-warming/,No such headline appeared on the website.,2023-07-24 07:00:00,,"['Изменение климата', 'Климат', 'Irish Independent', 'Рубрикация', 'Без симптомов']"
Emissions-driven global warming is a hoax; El Niño driving recent warming,USA Today,https://www.usatoday.com/story/news/factcheck/2023/07/21/no-el-nio-isnt-the-reason-we-have-climate-change-fact-check/70385441007/,False,2023-07-21 07:00:00,https://encrypted-tbn2.gstatic.com/images?q=tbn:ANd9GcTpichdh1HzSclp6VbKzS7yk-4qQJQitAlvxEmTMclVNqken4GB,"['Изменение климата', 'Мистификация']"
Video shows weather broadcaster saying global warming is a 'scam',USA Today,https://www.usatoday.com/story/news/factcheck/2023/07/21/weather-broadcaster-doesnt-call-global-warming-a-scam-fact-check/70440867007/,False,2023-07-17 07:00:00,https://encrypted-tbn3.gstatic.com/images?q=tbn:ANd9GcQ-mieQqv-nO2Z9jiS5FdFby6254QvBvG-W46oR05gYO4yfMSWl,"['Погода', 'Изменение климата', 'Телевизионный метеоролог', 'Видео', 'Телевизионная программа']"
CO2 is 0.04% of the atmosphere and humans have contributed only 3% of that.,USA Today,https://www.usatoday.com/story/news/factcheck/2023/06/26/humans-have-significant-impact-on-atmospheric-co2-fact-check/70278653007/,Partly False,2023-06-26 07:00:00,https://encrypted-tbn3.gstatic.com/images?q=tbn:ANd9GcSA9JlYRQPZOrftfDemAI0xIymLbCVbxcmHipt8kh0dxfb1kVkO,"['Диоксид углерода', 'Атмосфера', 'Человек']"
'Albedo effect' proves synthetic cover over Earth is causing global warming,USA Today,https://www.usatoday.com/story/news/factcheck/2023/05/30/false-claim-albedo-proves-global-warming-is-engineered-fact-checking/70228684007/,False,2023-05-30 07:00:00,https://encrypted-tbn2.gstatic.com/images?q=tbn:ANd9GcSoapz_K05IdrC2tP8hibh-N2cBwg_QPaLvXIEmrccc_nkWsdw5,"['Альбедо', 'Глобальное потепление', 'Земля']"
Earth hasn’t warmed since the mid-1980s and has only warmed by 0.7C since the 1850s.,Australian Associated Press,https://www.aap.com.au/factcheck/global-temperature-data-leaves-climate-sceptic-out-in-the-cold/,"False. Global temperatures have increased by around 1.1C since the industrial revolution, with the greatest rate of change occurring in recent decades.",2023-06-07 07:00:00,https://encrypted-tbn1.gstatic.com/images?q=tbn:ANd9GcQ0W_WKyXlSS0PxltGAa9-EUj-dlrGoP85dhPb9lIWUzalAfUgn,"['1850-е годы', 'Градус Цельсия', 'Земля', '1980-е годы']"
"“We have been cooling down for the past 4000 years”; the Earth has cooled since the ‘medieval warming’, “It’s all about when you start the measurements”",Climate Feedback,https://climatefeedback.org/claimreview/temperatures-on-earth-are-increasing-and-the-rise-is-drastically-outpacing-previous-natural-changes-in-the-planets-climate/,Inaccurate,2023-05-15 07:00:00,https://encrypted-tbn3.gstatic.com/images?q=tbn:ANd9GcQIFNcoMHJfhDAFH36uzdyvQabcYh3EH7fgkk8POr1OQ5PgcBWn,"['Изменение климата', 'Земля', 'Измерение', 'Средневековый климатический оптимум']"
Turbulence is increasing due to global warming,First Coast News,https://www.firstcoastnews.com/article/news/verify/yes-turbulence-is-increasing-due-global-warming/77-53638d0e-0cfb-47ec-8abc-483f61bfd841,True,2023-05-03 07:00:00,https://encrypted-tbn3.gstatic.com/images?q=tbn:ANd9GcSoHaJSGi61bJG5ec5RB95Ga7OtRoavYOpAzOq7LyLf7gsutlSN,"['Турбулентность', 'Изменение климата']"
"If global warming goes above 1.5 C “we’re done; there’s no way to turn it around, according to the scientists that tell us.”",FactCheck.org,https://www.factcheck.org/2023/04/warming-beyond-1-5-c-harmful-but-not-a-point-of-no-return-as-biden-claims/,False,2023-04-27 07:00:00,https://encrypted-tbn2.gstatic.com/images?q=tbn:ANd9GcTo1Iu1J9FkwD10ZxN5H2tD5uivJjEbxe2EKzS8deh5WlM4qVRW,"['Изменение климата', 'Глобальное потепление на 1,5 °C', 'Демократическая партия', 'Учёный', 'Соединенные Штаты Америки']"
Earth Will Become 4 Degrees Hotter During The Next Decade!!,Fact Crescendo Sri Lanka,https://srilanka.factcrescendo.com/english/exaggerated-claims-spread-about-the-global-warming-and-temperature-increments/,Misleading,2023-04-25 07:00:00,https://encrypted-tbn0.gstatic.com/images?q=tbn:ANd9GcRBxgRLnxeBRZv8cHWmkAvDtLjXdmTo_DE7MMsnf2vZ5UlDc-cf,['Земля']
NASA Antarctic ice sheet study shows global warming is a 'con',USA Today,https://www.usatoday.com/story/news/factcheck/2023/03/24/fact-check-antarctic-ice-sheet-mass-study-shows-global-warming/11360093002/,False,2023-03-24 07:00:00,https://encrypted-tbn3.gstatic.com/images?q=tbn:ANd9GcRRG4btn77K1DeyOF0TMnzj5G2pgjcKZhHjdMvDUdGoXk318qlX,"['Ледяной щит', 'Антарктический ледяной щит', 'Антарктида', 'Лёд', 'Глобальное потепление', 'НАСА']"
Chemtrails are intended to 'protect us from climate change',USA Today,https://www.usatoday.com/story/news/factcheck/2023/04/14/fact-check-chemtrails-arent-real-arent-related-climate-change/11624336002/,False,2023-04-14 07:00:00,https://encrypted-tbn1.gstatic.com/images?q=tbn:ANd9GcTk5RIlj5Qvl5efWVCZq8hWa58G2br65XEdB-hUf7qe6sYuQYnp,"['Химиотрассы', 'Изменение климата', 'Климат']"
"Climate change is caused by corporations using ""weather modification patents.”",PolitiFact,https://www.politifact.com/factchecks/2023/mar/29/instagram-posts/human-activity-causes-climate-change-yes-greenhous/,False,2023-03-29 07:00:00,,"['Изменение климата', 'Климат', 'Активное воздействие на гидрометеорологические процессы', 'Погода', 'Корпорация', 'Патент', 'Instagram']"
Satellite temperature data in January 2023 proves global warming is a hoax,AFP Fact Check,https://factcheck.afp.com/doc.afp.com.338U7EP,Misleading,2023-02-13 08:00:00,https://encrypted-tbn3.gstatic.com/images?q=tbn:ANd9GcT8pRgh4cdfarjr2_Lxw9MpiPTdxLK-ifFmRStCfCLKHrHxL_QN,"['Глобальное потепление', 'Данные', '2023', 'Января', 'спутниковые измерения температуры', 'Температура', 'Искусственный спутник', 'Мистификация']"
Video shows first snow in 100 years in Saudi Arabia,AFP Fact Check,https://factcheck.afp.com/doc.afp.com.33AB7BR,False,2023-03-02 08:00:00,https://encrypted-tbn1.gstatic.com/images?q=tbn:ANd9GcQ4Z-m8Za1r-E5M-mxXbVgjPjl3CsYYR1xbj9jTCXaifimVMEtx,"['Снег', 'Саудовская Аравия', 'Видео', 'Арабия']"
‘No correlation’ between carbon dioxide emissions and the climate,USA Today,https://www.usatoday.com/story/news/factcheck/2023/02/27/fact-check-scientists-say-carbon-dioxide-levels-affect-climate/11275148002/,False,2023-02-27 08:00:00,https://encrypted-tbn3.gstatic.com/images?q=tbn:ANd9GcRhkjrE2LxvyL4Reou5jyll-irUGPa4eKxusCrLProlu3UiNOck,"['Диоксид углерода', 'Климат', 'Корреляция и зависимость']"
Additional CO2 has boosted crop yields,AFP Fact Check,https://factcheck.afp.com/doc.afp.com.339G4NM,Misleading,2023-02-22 08:00:00,https://encrypted-tbn1.gstatic.com/images?q=tbn:ANd9GcRUAhPLHqz9s-HsqeozqFfEB26C9XCkeqjwrFv5p0vnhV5B_M9d,"['Сельскохозяйственные культуры', 'Урожай', 'Диоксид углерода']"
"“Humans are not causing climate change.” Magnetic pole shifting “is causing havoc worldwide in weather, climate, earthquakes, tsunamis, etc.”",PolitiFact,https://www.politifact.com/factchecks/2023/feb/15/instagram-posts/do-magnetic-pole-shifts-cause-modern-climate-chang/,False,2023-02-15 08:00:00,https://encrypted-tbn3.gstatic.com/images?q=tbn:ANd9GcSrOHCPm3EF8NiMTrOKKnX4-IRMlldH37Ilz7hn5IcW5yUjP8Nb,"['Изменение климата', 'Магнитное поле Земли', 'Климат', 'Землетрясение', 'Магнит', 'Погода', 'Человек', 'Цунами']"
Earth's inner core is responsible for recent climate change trends,USA Today,https://www.usatoday.com/story/news/factcheck/2023/02/14/fact-check-climate-change-caused-humans-not-earths-core/11177275002/,False,2023-02-14 08:00:00,https://encrypted-tbn3.gstatic.com/images?q=tbn:ANd9GcS9k1MEaR1WkDAev-AtfsbabslP6t6vaT-T0ukTk7mSpxdcVxIp,"['Изменение климата', 'Внутреннее ядро Земли', 'Климат', 'Земля']"
The average global temperature has increased 0.134 degrees since 1978,USA Today,https://www.usatoday.com/story/news/factcheck/2023/02/13/fact-check-post-understates-amount-global-warming-since-1978-uah/11223057002/,False,2023-02-13 08:00:00,https://encrypted-tbn3.gstatic.com/images?q=tbn:ANd9GcRhkjrE2LxvyL4Reou5jyll-irUGPa4eKxusCrLProlu3UiNOck,"['Температура', 'глобальный температурный рекорд', 'Среднее значение']"
It's more likely oceans are causing global warming than CO2,USA Today,https://www.usatoday.com/story/news/factcheck/2023/01/20/fact-check-global-warming-caused-co-2-not-ocean-warming/11066134002/,False,2023-01-20 08:00:00,https://encrypted-tbn1.gstatic.com/images?q=tbn:ANd9GcTHSiVzIjRGsI4rvCwZSkayPhOH8zTLrzx5fduVwiOSwfajbaz3,"['Глобальное потепление', 'Океан', 'Диоксид углерода']"
"Post implies climate change is 'cyclical,' not caused by humans",USA Today,https://www.usatoday.com/story/news/factcheck/2023/02/10/fact-check-co-2-responsible-global-warming-not-earth-cycles/11156725002/,Missing Context,2023-02-10 08:00:00,https://encrypted-tbn3.gstatic.com/images?q=tbn:ANd9GcRhkjrE2LxvyL4Reou5jyll-irUGPa4eKxusCrLProlu3UiNOck,"['Изменение климата', 'Климат', 'Человек']"
"Greenhouse effect is a hoax, global warming uncorrelated with CO2 levels",USA Today,https://www.usatoday.com/story/news/factcheck/2023/01/10/fact-check-global-temperatures-and-atmospheric-co-2-levels-correlated/10967204002/,False,2023-01-10 08:00:00,https://encrypted-tbn2.gstatic.com/images?q=tbn:ANd9GcRMGeHSogRyu2wJDC0JfQ9nW9gEdjclRFqBD0vJA8AA3-YVrh1v,"['Диоксид углерода', 'Глобальное потепление', 'Парниковые газы', 'Парниковый эффект', 'Мистификация']"
"""NOAA makes it official. Last 8 years... global cooling.""",FactCheck.org,https://www.factcheck.org/2023/01/scicheck-viral-tweet-misrepresents-noaa-report-on-rising-global-temperature/,Distorts the Facts,2023-01-26 08:00:00,https://encrypted-tbn1.gstatic.com/images?q=tbn:ANd9GcSZKmEMXvJSU7s0Rss5DxrJDj9HPHWogCD9Fe1FQ2ktd42nYYo7,"['Национальное управление океанических и атмосферных исследований США', 'Глобальное похолодание', 'Твиттер']"
A respected US academic has downplayed the impact of global warming and suggested it may benefit civilisation.,Australian Associated Press,https://www.aap.com.au/factcheck/selective-editing-distorts-experts-climate-change-views/,Misleading. The video is edited to omit a key disclaimer that he was being intentionally contrarian as part of a broader discussion on the dangers of climate change.,2023-01-25 08:00:00,https://encrypted-tbn0.gstatic.com/images?q=tbn:ANd9GcQ0OjTlTkdZcU_ZGnCYwTgXjOHS5-mcW382CihYQ0t_Lb8jIFLL,"['Изменение климата', 'Цивилизация']"
“NOAA makes it official… CO2 warming is a hoax.”,PolitiFact,https://www.politifact.com/factchecks/2023/jan/24/viral-image/climate-change-real-and-earth-warming/,False,2023-01-24 08:00:00,,"['Изменение климата', 'Диоксид углерода', 'Национальное управление океанических и атмосферных исследований США', 'Мистификация']"
The planet has been in a period of global cooling since 2015.,Australian Associated Press,https://www.aap.com.au/factcheck/scientists-roast-climate-denier-on-cooling-claim/,"Misleading. The claim relies on cherry-picked data, selecting a particularly hot year as the base. Longer-term data shows a clear trend of rising global temperatures.",2023-01-23 08:00:00,https://encrypted-tbn3.gstatic.com/images?q=tbn:ANd9GcQ-_LqaktMI2aB1wedKXRj5iaN1ZRXmxXO1CXqzk1C_SBmAHHwg,"['Глобальное похолодание', 'Планета']"
Temperature graph is evidence against climate crisis,AFP Fact Check,https://factcheck.afp.com/doc.afp.com.337E92M,Misleading,2023-01-19 08:00:00,https://encrypted-tbn0.gstatic.com/images?q=tbn:ANd9GcRfKKxmI4Qlr7qROmrIe1_68dY3niAG979q9c49-H3Geu-KIsb5,"['Изменение климата', 'Климат', 'Температура']"
Scientists discovered greenhouse gases may not be causing recent warming,USA Today,https://www.usatoday.com/story/news/factcheck/2023/01/19/fact-check-post-misrepresents-research-global-warming-acceleration/11017767002/,False,2023-01-19 08:00:00,https://encrypted-tbn3.gstatic.com/images?q=tbn:ANd9GcRhkjrE2LxvyL4Reou5jyll-irUGPa4eKxusCrLProlu3UiNOck,"['Изменение климата', 'Парниковые газы', 'Газ', 'Учёный', 'Теплица']"
IPCC report indicates 2052 is more important than 2030 for climate action,AFP Fact Check,https://factcheck.afp.com/doc.afp.com.33798YV,Misleading,2023-01-18 08:00:00,https://encrypted-tbn2.gstatic.com/images?q=tbn:ANd9GcSYmR132S2K_AJtjfMgkIRf_kxiE6iq9iocLFemL6VgWfQ-NWyQ,"['Климат', 'Межправительственная группа экспертов по изменению климата', 'Цель 13 - Меры по борьбе с изменением климата', 'Шестой оценочный доклад МГЭИК', '2030']"
Global temperatures haven’t risen despite rise in greenhouse gas emissions,USA Today,https://www.usatoday.com/story/news/factcheck/2023/01/17/fact-check-greenhouse-gases-behind-increase-global-temperatures/11025956002/,False,2023-01-17 08:00:00,https://encrypted-tbn1.gstatic.com/images?q=tbn:ANd9GcQhpmYBBfy7A-__vefF8wPySCP0coW8taD58zcQUoz4s-nOT5Yo,"['Парниковые газы', 'Температура', 'глобальный температурный рекорд']"
"Global warming is caused by oxygen absorbing UV radiation, not the greenhouse effect.",Australian Associated Press,https://www.aap.com.au/factcheck/global-warming-theory-crumbles-under-scientific-scrutiny/,False. Global warming is the result of rising CO2 levels in the atmosphere increasing the greenhouse effect.,2022-12-21 08:00:00,https://encrypted-tbn1.gstatic.com/images?q=tbn:ANd9GcTutrNQ2xBNC4t8Bi7hn4B1I_rnzJJ6hWbbd3ucH9iv14UWrYb2,"['Глобальное потепление', 'Парниковый эффект', 'Парниковые газы', 'Поглощение электромагнитного излучения', 'Излучение', 'Кислород', 'Ультрафиолетовое излучение']"
Video shows The Weather Channel debunk climate change,USA Today,https://www.usatoday.com/story/news/factcheck/2023/01/13/fact-check-false-claim-weather-channel-debunks-climate-change/11034742002/,False,2023-01-13 08:00:00,https://encrypted-tbn0.gstatic.com/images?q=tbn:ANd9GcQTMHI5hBc9qhmdITPNQ23vFyWINo1fQJazP8dZ_1bnxRzrQV1o,"['Изменение климата', 'Климат', 'The Weather Channel', 'Видео']"
'Global warming' switched to 'climate change' because Earth wasn’t warming.,USA Today,https://www.usatoday.com/story/news/factcheck/2023/01/06/fact-check-false-claim-terms-global-warming-and-climate-change/10957295002/,False,2023-01-06 08:00:00,https://encrypted-tbn0.gstatic.com/images?q=tbn:ANd9GcT2pyCvMlbxN4yw1v6KE-sK4afvyLpu3N_DX7xdTE94phVu4Jzp,"['Изменение климата', 'Климат', 'Земля']"
Comparing daily temperatures to 1979-2000 baseline disproves global warming,USA Today,https://www.usatoday.com/story/news/factcheck/2023/01/04/fact-check-day-day-temperature-changes-cant-disprove-global-warming-climate-crisis-enviormentalism/10963157002/,Missing Context,2023-01-04 08:00:00,https://encrypted-tbn0.gstatic.com/images?q=tbn:ANd9GcR6Vyjypf1hN7_cy2STGYtrxrwd72ZeswNHjIRpfEmbgB4cYw2m,"['Изменение климата', 'Температура', 'Газета']"
Human-made carbon dioxide emissions do not drive global warming,AFP Fact Check,https://factcheck.afp.com/doc.afp.com.32WY8ZD,False,2022-12-05 08:00:00,https://encrypted-tbn3.gstatic.com/images?q=tbn:ANd9GcTYaTsoovh3qOCuVLyom9Hz-Ngeb8XGSelB6FQArE4J3vG2l_gy,"['Глобальное потепление', 'Человек', 'Диоксид углерода']"
"Climate change not caused by humans; sun, moon cause extreme heat events",USA Today,https://www.usatoday.com/story/news/factcheck/2022/12/22/fact-check-climate-change-caused-humans-and-worsens-heat-waves/10828425002/,False,2022-12-22 08:00:00,https://encrypted-tbn1.gstatic.com/images?q=tbn:ANd9GcSBhkBeSIoDMFnUcMhcg1CM0oNn9mKLyf8OC9mSRlaIDmih-xl0,"['Изменение климата', 'Жара', 'Климат', 'Теплота', 'Человек', 'Луна']"
Post implies Northern Hemisphere snow cover disproves global warming,USA Today,https://www.usatoday.com/story/news/factcheck/2022/12/12/fact-check-misleading-claim-high-snow-cover-means-no-warming/10841808002/,Missing Context,2022-12-12 08:00:00,https://encrypted-tbn3.gstatic.com/images?q=tbn:ANd9GcTru-v_pBt08UxfZo0EkKhS4DepoSs_Dml2Q_N1HradixfxJQUw,"['Снег', 'Изменение климата', 'Северное полушарие']"
Record snow cover is evidence against global warming,AFP Fact Check,https://factcheck.afp.com/doc.afp.com.32YY2U2,Misleading,2022-12-07 08:00:00,https://encrypted-tbn3.gstatic.com/images?q=tbn:ANd9GcQ4SIuOPojpWcbcl0bIqLfjD9hX900exutsG8N9QML8iuFO3FVK,"['Изменение климата', 'Снег']"
Animal agriculture is the biggest contributor to climate change,USA Today,https://www.usatoday.com/story/news/factcheck/2022/12/05/fact-check-fossil-fuels-no-1-climate-change-cause-not-animals/10764976002/,False,2022-12-05 08:00:00,https://encrypted-tbn0.gstatic.com/images?q=tbn:ANd9GcR6Vyjypf1hN7_cy2STGYtrxrwd72ZeswNHjIRpfEmbgB4cYw2m,"['Изменение климата', 'Климат', 'Животноводство', 'Сельское хозяйство', 'Животные']"
"Climate, weather is being altered by technology such as HAARP, chemtrails",AFP Fact Check,https://factcheck.afp.com/doc.afp.com.32XK3PR,False,2022-12-02 08:00:00,https://encrypted-tbn1.gstatic.com/images?q=tbn:ANd9GcSErdrKT2kvG-73PbnhfulU5jxVWfvE-2n8n-DcnemqBnA1-R8f,"['Погода', 'Климат', 'HAARP', 'Химиотрассы', 'Технология']"
An increase in water vapour is solely responsible for the rise in global temperatures since the end of the 19th century.,Australian Associated Press,https://www.aap.com.au/factcheck/water-vapour-global-warming-claim-is-all-steam/,False. CO2 and other greenhouse gases drive global warming. Water vapour amplifies warming initiated by these gases through a positive feedback loop.,2022-11-29 08:00:00,https://encrypted-tbn0.gstatic.com/images?q=tbn:ANd9GcSrceoecQ_W7ynrpPnsluGttuMbqt8zHr3inhg6gP5qeLZq0RjE,"['Водяной пар', 'Вода', 'Пар', 'глобальный температурный рекорд', 'Температура']"
"Earth, other planets have all warmed during the last hundred years",USA Today,https://www.usatoday.com/story/news/factcheck/2022/11/28/fact-check-false-claim-warming-similar-earth-other-planets/10627488002/,Partly False,2022-11-28 08:00:00,https://encrypted-tbn2.gstatic.com/images?q=tbn:ANd9GcR7IXwq3tZjBpYxnM45BZLpplvoxHsWjjjVxCJXehVwMma8GZjy,"['Земля', 'Планета']"
Scientists have never proved that human emissions of carbon dioxide drive global warming.,Australian Associated Press,https://www.aap.com.au/factcheck/geologist-misleads-with-climate-change-proof-claim/,Misleading. Proof does not exist in science but experts say the evidence puts the theory beyond any reasonable doubt.,2022-11-01 07:00:00,https://encrypted-tbn2.gstatic.com/images?q=tbn:ANd9GcSOBpHYTB6yzPMx9LnsW2ct-xng0-fJyCA2D1XhC2MyDsF6asiI,"['Глобальное потепление', 'Учёный', 'Диоксид углерода', 'Человек']"
"Climate change is caused by the sun and moon, not emissions",AFP Fact Check,https://factcheck.afp.com/doc.afp.com.32JY77E,False,2022-09-27 07:00:00,https://encrypted-tbn3.gstatic.com/images?q=tbn:ANd9GcQVUQf6ZeZfJCWecQLJ4fcbodinH9A_V4Fiqm9uFxwIjl2zle5p,"['Климат', 'Изменение климата', 'Глобальное потепление', 'Луна']"
Scientists have found no consistent correlation between CO2 and temperature; scientists do not know whether earth will warm or cool in future,Climate Feedback,https://climatefeedback.org/claimreview/link-between-co2-earth-temperature-well-established-despite-claims-fox-news-tom-harris/,Inaccurate,2022-10-18 07:00:00,https://encrypted-tbn0.gstatic.com/images?q=tbn:ANd9GcSvwzvn2tJSNvgeQJKUwm5bi5HF4fiLV6ktlHDZtav0C-2qc9f-,"['Диоксид углерода', 'Температура', 'Земля', 'Корреляция и зависимость', 'Учёный', 'Будущее']"
"“The question is, ‘how much of an impact do we have on [climate]?’ That has not totally been quantified”; climate change is happening anyway, “The ice age happened without us…It’s probably this constant cycle”.",Climate Feedback,https://climatefeedback.org/claimreview/scientists-found-modern-climate-change-caused-entirely-by-human-activity-contrary-recent-speculation-joe-rogan-experience/,Flawed_Reasoning,2022-10-11 07:00:00,https://encrypted-tbn3.gstatic.com/images?q=tbn:ANd9GcSoH4JQyMigiN2Ueb9Z1aE0y8SjdALsKuJwnGuWtnvikOajUAzS,"['Изменение климата', 'Климат', 'Ледниковый период', 'Лёд']"
Greenland studies show global warming is natural,AFP Fact Check,https://factcheck.afp.com/doc.afp.com.32KP6NR,Misleading,2022-10-06 07:00:00,https://encrypted-tbn2.gstatic.com/images?q=tbn:ANd9GcQw7WdQ1pkjmzp6TSI3em_C17F3H-cqFne8p9PbPq3scyUQDP7c,"['Изменение климата', 'Гренландия']"
Human-based carbon dioxide emissions do not cause global warming.,Australian Associated Press,https://www.aap.com.au/factcheck/sunny-outlook-on-global-warmings-causes-denies-scientific-evidence/,False. Human activity is causing climate change due to an increase in greenhouse gases.,2022-09-09 07:00:00,https://encrypted-tbn0.gstatic.com/images?q=tbn:ANd9GcSKN03m7ZdcjKt2yK4oGxP7dQtLaSew3UjWrZEad2L9HSFeWOQC,"['Глобальное потепление', 'Диоксид углерода', 'Человек']"
Microwaves from cell towers and radar stations contribute to global warming,AFP Fact Check,https://factcheck.afp.com/doc.afp.com.32H44YQ,Missing Context,2022-08-30 07:00:00,https://encrypted-tbn3.gstatic.com/images?q=tbn:ANd9GcSrJNNWKXN8LQXnx9WK46zWSFdn1bH3pXwYEFg3eYSbrk7bm2qy,"['Глобальное потепление', 'Микроволновое излучение', 'Сотовый телефон', 'Радиолокационная станция']"
CO2 is not the cause of our current warming trend; Arctic sea ice has expanded in recent years; Polar bears’ population is growing and is not threatened by climate change; CO2 is good for plant life,Climate Feedback,https://climatefeedback.org/claimreview/the-epoch-times-prints-range-of-inaccurate-misleading-claims-climate-changes-impacts-causes-patrick-moore/,Incorrect,2022-09-20 07:00:00,https://encrypted-tbn1.gstatic.com/images?q=tbn:ANd9GcSwOCRtILvlBP9J_4C57OPlB66PzxV-pADxBq_dbWz0GWJicNuk,"['Изменение климата', 'Климат', 'Морской лёд', 'Арктика', 'Диоксид углерода', 'Лёд', 'Белый медведь', 'Растение']"
The findings that many locations are warming faster than the global average cast doubt on the veracity of climate science.,Climate Feedback,https://climatefeedback.org/different-parts-planet-warm-more-quickly-than-others-that-doesnt-mean-climate-change-not-happening/,Misleading,2022-09-16 07:00:00,https://encrypted-tbn3.gstatic.com/images?q=tbn:ANd9GcSmhEzsMQJCmeMrC1PR-sbGcn3c1p8MXjBRTJXNaVAWUi4AtzEG,"['Изменение климата', 'Климат', 'Климатология', 'Наука', 'Географическое положение', 'Среднее значение']"
A 1954 heatwave in the US proves climate change is not happening,AFP Fact Check,https://factcheck.afp.com/doc.afp.com.32GK6R6,False,2022-08-16 07:00:00,https://encrypted-tbn1.gstatic.com/images?q=tbn:ANd9GcTkeVnzEpMh7smGxuOMlon-5IT7jBlG-pW2t2Zltp3f3XLF0TRj,"['Глобальное потепление', 'Изменение климата', 'Жара', 'Климат', 'Соединенные Штаты Америки']"
"“Natural variation explains a substantial part of global warming observed since 1850;” no statistical evidence that global warming is intensifying natural disasters, or making them more frequent.",Climate Feedback,https://climatefeedback.org/claimreview/letter-there-is-no-climate-emergency-repeats-inaccurate-claims-about-climate-science-daily-sceptic-toby-young/,Incorrect,2022-08-24 07:00:00,https://encrypted-tbn1.gstatic.com/images?q=tbn:ANd9GcTE49tbhKZAs1rIS8tOZgar5abzrDPvqSIc_vBFujw8r-k5KwLC,"['Статистика', 'Вариация', 'Научное наблюдение', 'Стихийное бедствие', 'Природа', 'Катастрофа', 'улика']"
"Global warming is natural, greenhouse effect small, no CO2 climate effect",AFP Fact Check,https://factcheck.afp.com/doc.afp.com.32GX2YQ,False,2022-08-23 07:00:00,https://encrypted-tbn2.gstatic.com/images?q=tbn:ANd9GcT5F_1sz43U8e0b6vM2HCFsYP5_gmZ5NdsnQPL4IQsyWFfQFm7Q,"['Изменение климата', 'Климат', 'Парниковый эффект', 'Диоксид углерода', 'Парниковые газы']"
Human CO2 emissions too small to be cause of global warming,AFP Fact Check,https://factcheck.afp.com/doc.afp.com.32FK2E9,Missing Context,2022-07-29 07:00:00,https://encrypted-tbn1.gstatic.com/images?q=tbn:ANd9GcRwKInm3zaaEB2HD8I_SsGV4U24gtGItNRa9lq0ij_GHTkHv3Wa,"['Диоксид углерода', 'Глобальное потепление', 'Человек']"
A 1922 report disproves human-caused global warming,AFP Fact Check,https://factcheck.afp.com/doc.afp.com.32EH2J7,Partly false,2022-07-18 07:00:00,https://encrypted-tbn0.gstatic.com/images?q=tbn:ANd9GcSNm9K4oAOLphDTxx6QVX8l17Sc67BVAwGP9-XpLjOWkYwAUb-N,"['Глобальное потепление', 'Человек']"
Carbon dioxide is not a climate heat driver; we had an ice age when the Earth had extraordinarily larger amounts of carbon dioxide; in the 1970s scientists thought we were going to have a new ice age.,Climate Feedback,https://climatefeedback.org/claimreview/carbon-dioxide-emissions-humans-major-driver-climate-change-jerome-corsi-claims-cbn-news/,Incorrect,2022-08-05 07:00:00,https://encrypted-tbn3.gstatic.com/images?q=tbn:ANd9GcSzdVMzS_bGh7K5P-a4CBYBq_raLxotvaO5nJg6pFTJWlYF9lt4,"['Диоксид углерода', 'Изменение климата', 'Ледниковый период', 'Земля', 'Учёный', 'Теплота', 'Лёд']"
Global warming is from solar winds and changes in Earth's magnetic field,USA Today,https://www.usatoday.com/story/news/factcheck/2022/08/05/fact-check-global-warming-caused-humans-not-solar-winds/10111742002/,False,2022-08-05 07:00:00,https://encrypted-tbn3.gstatic.com/images?q=tbn:ANd9GcSAOhmdoP8-6gIgmmKKtVz71tfzqZA5YPwmaG4PAkMmZl3vSxtp,"['Солнечный ветер', 'Изменение климата', 'Магнитное поле', 'Солнце', 'Земля', 'Магнитное поле Земли', 'Ветер']"
"“Climate change is not happening.""",FactCheck.org,https://www.factcheck.org/2022/08/unequivocal-evidence-that-humans-cause-climate-change-contrary-to-posts-of-old-video/,False,2022-08-02 07:00:00,https://encrypted-tbn3.gstatic.com/images?q=tbn:ANd9GcQ3gtFO34EDsm7KBVdrVH07tyFYl1PQLrTMsoq0Id8eePsoQGFR,"['Изменение климата', 'Климат', 'Соединенные Штаты Америки']"
Голову в песок и не дыши: Грета Тунберг устроила протест против изменения климата,Factcheck.kz,https://factcheck.kz/ecology/golovu-v-pesok-i-ne-dyshi-organizovala-li-akciyu-protesta-greta-tunberg/,Манипуляция,2022-07-05 07:00:00,,"['Грета Тунберг', 'Протест', 'Песок', 'Голова', 'Изменение климата', 'Глобальное потепление', 'Климат']"
1922 news article about the Arctic said sea level rise would make coastal cities uninhabitable 'within a few years',USA Today,https://www.usatoday.com/story/news/factcheck/2022/07/26/fact-check-1922-news-article-reported-arctic-conditions/10144008002/,False,2022-07-26 07:00:00,https://encrypted-tbn3.gstatic.com/images?q=tbn:ANd9GcRLWdCMUlZ3QTpPgYmwY-gobBwBw5OqvVKF_SgpxaT8ycGiE6O8,"['Арктика', 'Новости', 'Побережье', 'Современное повышение уровня моря', 'Город', 'Уровень моря']"
Study shows global warming has slowed significantly over the last 20 years,USA Today,https://www.usatoday.com/story/news/factcheck/2022/06/10/fact-check-study-consistent-increased-rate-global-warming/7476077001/,False,2022-06-10 07:00:00,https://encrypted-tbn1.gstatic.com/images?q=tbn:ANd9GcTqGI8l6Q-9NABAtBBk69JlCLajzmmVo-_O8-99GaB6HrSblDwg,"['Глобальное потепление', 'Изменение климата']"
Cow emissions don't contribute to global warming,AFP Checamos,https://checamos.afp.com/node/42514,Misleading,2022-06-14 07:00:00,,"['Изменение климата', 'Крупный рогатый скот']"
”Global warming started to run out of steam over two decades ago… Half of the apparent global temperature increase from January 1910 to January 2000 is due to administrative adjustments.”,Climate Feedback,https://climatefeedback.org/claimreview/warming-earths-surface-oceans-continues-apace-contrary-to-claims-daily-sceptic-chris-morrison/,Incorrect,2022-06-09 07:00:00,,"['Изменение климата', 'глобальный температурный рекорд', '1910', 'Температура', 'Января']"
A weather map's colour scheme was changed to exaggerate global warming,AFP Fact Check,https://factcheck.afp.com/doc.afp.com.32C27XA,False,2022-06-08 07:00:00,https://encrypted-tbn2.gstatic.com/images?q=tbn:ANd9GcS2fEnGDT8RVYjSFltpH4m1lqIFohgDu56_JWJYoeSMRMbMOKiK,"['Синоптическая карта', 'Погода', 'Изменение климата', 'Географическая карта', 'Цвет', 'Преувеличение', 'Цветовая схема']"
"On May 9, 2022, global average temperatures were only slightly higher than 1979-2000 average",USA Today,https://www.usatoday.com/story/news/factcheck/2022/05/31/fact-check-climate-change-measured-decades-not-days/9800439002/,Missing Context,2022-05-31 07:00:00,https://encrypted-tbn1.gstatic.com/images?q=tbn:ANd9GcT8SWvoJrVZnasW0IbwySxXloSE7Ft6trBaNkUtpSrO9QKxveA_,"['Температура', 'Мая', 'Среднее значение']"
Differences in ocean and the atmospheric warming are not explained by climate change science,USA Today,https://www.usatoday.com/story/news/factcheck/2022/04/21/fact-check-warming-varies-doesnt-contradict-climate-change-science/9512595002/,False,2022-04-21 07:00:00,https://encrypted-tbn3.gstatic.com/images?q=tbn:ANd9GcQBvWHJe0QbtWLSSgoXTXb7SH0bwnE33mJAUIZaZdPrioRD5JnF,"['Изменение климата', 'Глобальное потепление', 'Климат', 'Океан', 'Наука', 'Атмосфера']"
An Albert Einstein paper contradicts carbon dioxide-driven climate change,USA Today,https://www.usatoday.com/story/news/factcheck/2022/03/25/fact-check-no-evidence-einstein-refuted-co-2-driven-climate-change/9323324002/,False,2022-03-25 07:00:00,https://encrypted-tbn0.gstatic.com/images?q=tbn:ANd9GcRnWcmg3FW6tz7_sQUXGa5ZaQfWxKyKC-mMAm7kCX8YXXKAtR4Y,"['Глобальное потепление', 'Альберт Эйнштейн', 'Диоксид углерода', 'Климат', 'Статьи annus mirabilis']"
"“...Seven and a half years have passed since there was any trend in global warming at all” If global warming was caused by human emissions, temperature would rise at a steady rate",Climate Feedback,https://climatefeedback.org/claimreview/earths-surface-warm-due-greenhouse-gas-christopher-monckton-watts-up-with-that/,Incorrect,2022-04-11 07:00:00,,"['Изменение климата', 'Человек', 'Температура']"
IPCC found little to no evidence that climate was worse than before,AFP Fact Check,https://factcheck.afp.com/doc.afp.com.327Q929,Partly false,2022-04-08 07:00:00,https://encrypted-tbn2.gstatic.com/images?q=tbn:ANd9GcR0xkhqevzzQwB7Nz6srXwRks-7IkdGviBiOZkXNWiSmF9xwn4v,"['Климат', 'Межправительственная группа экспертов по изменению климата', 'улика']"
Seven-year satellite data shows no CO2-driven warming,AFP Fact Check,https://factcheck.afp.com/http%253A%252F%252Fdoc.afp.com%252F9W78VQ-1,Misleading,2022-01-18 08:00:00,https://encrypted-tbn0.gstatic.com/images?q=tbn:ANd9GcSO0Q_mAxLceOhpaN0wlkO4Trrih-8ifb2XXRi4rPXOHlAbF5LO,"['Изменение климата', 'Диоксид углерода', 'Данные', 'Искусственный спутник']"
"""Antarctica has had to update its flag""due to global climate change",USA Today,https://www.usatoday.com/story/news/factcheck/2021/12/30/fact-check-antarctica-did-not-update-flag-due-climate-change/9047296002/,False,2021-12-29 08:00:00,https://encrypted-tbn2.gstatic.com/images?q=tbn:ANd9GcQ4eXBdJQdEPmYiea9-Fq0T9ZBtMw5CpWZhFlA9YxaKe0fkqHF_,"['Антарктида', 'Флаг', 'Изменение климата', 'Климат']"
Laws of thermodynamics say CO2 can’t contribute to climate change,USA Today,https://www.usatoday.com/story/news/factcheck/2021/12/03/fact-check-laws-thermodynamics-support-climate-change-theory/8796217002/,False,2021-12-03 08:00:00,https://encrypted-tbn3.gstatic.com/images?q=tbn:ANd9GcTrr2ib0QEbon79rSeehb1mnuxxZLKojJ5HLEwCE99g0o8cf3YY,"['Изменение климата', 'Начала термодинамики', 'Термодинамика', 'Климат', 'Диоксид углерода', 'Право']"
“Global warming is part of (a) natural cycle and there’s nothing we can actually do to stop these cycles.”,PolitiFact,https://www.politifact.com/factchecks/2021/nov/03/viral-image/2008-quote-does-not-reflect-scientific-consensus-h/,False,2021-11-03 07:00:00,,"['Глобальное потепление', 'Facebook']"
Antarctica's record-cold winter means global warming is exaggerated,AFP Fact Check,https://factcheck.afp.com/doc.afp.com.9Q68LD,Misleading,2021-10-22 07:00:00,https://encrypted-tbn2.gstatic.com/images?q=tbn:ANd9GcQDrwCHAtSxXSkSI8B8rUkBFt5WRKcf_JghFfiSHfVF5CZ6-fYm,"['Антарктида', 'Холод', 'Изменение климата', 'Глобальное потепление', 'Зима']"
The Sun and not human emissions of carbon dioxide may be the main cause of warmer temperatures in recent decades. There is a systemic bias in UN IPCC's data selection.,Climate Feedback,https://climatefeedback.org/claimreview/solar-forcing-is-not-the-main-cause-of-current-global-warming-contrary-to-claim-by-alex-newman-in-the-epoch-times/,Incorrect,2021-08-30 07:00:00,,"['Межправительственная группа экспертов по изменению климата', 'Диоксид углерода', 'Солнце', 'Предвзятость', 'Человек', 'Системная предвзятость', 'Температура', 'Данные']"
A 1912 article warned coal burning can have a negative effect on climate,USA Today,https://www.usatoday.com/story/news/factcheck/2021/08/13/fact-check-yes-1912-article-linked-burning-coal-climate-change/8124455002/,True,2021-08-12 07:00:00,https://encrypted-tbn0.gstatic.com/images?q=tbn:ANd9GcQ_sjth-qJ4lTWIzZnBsfNO5qdQYWVbWjRTa5GMq18QyloRNJv0,"['Ископаемый уголь', 'Климат', 'Горение', '1912']"
The rate of warming according to the data is much slower than the models used by the IPCC,Climate Feedback,https://climatefeedback.org/claimreview/on-bbc-newsnight-myron-ebell-falsely-claims-climate-models-exaggerate-warming/,Inaccurate,2018-10-09 07:00:00,https://encrypted-tbn1.gstatic.com/images?q=tbn:ANd9GcTpA33RXe_iIyFgpWH7Zx-oPavA-EyKamjUahaZ7aDgLo9w3jVB,"['Изменение климата', 'Межправительственная группа экспертов по изменению климата', 'Данные']"
"changes in the solar orbit of the earth, along with alterations to the earth’s axial tilt, are both responsible for what climate scientists today have dubbed as “warming”[...]. In no way, shape, or form are humans warming or cooling the planet",Climate Feedback,https://climatefeedback.org/claimreview/earths-orbit-cannot-explain-modern-climate-change/,Incorrect,2019-09-03 07:00:00,,"['Изменение климата', 'Орбита Земли', 'Земля', 'Орбита', 'Наклон оси вращения', 'Планета', 'Учёный', 'Человек']"
Man-made climate change is a hoax,USA Today,https://www.usatoday.com/story/news/factcheck/2021/04/22/fact-check-scientific-consensus-humans-main-cause-climate-change/7336153002/,False,2021-04-22 07:00:00,https://encrypted-tbn1.gstatic.com/images?q=tbn:ANd9GcQrLG8VyH167eqAmY-Yp6JG3arOeF7eAwVm2Ps4uPkS3Pl9wWZ2,"['Изменение климата', 'Климат', 'Мистификация']"
"Human-produced carbon might be one of the factors [of climate change], but there’s simply no evidence that it is a significant one.",Climate Feedback,https://climatefeedback.org/claimreview/there-is-overwhelming-evidence-that-climate-change-is-human-caused-townhall/,Incorrect,2019-09-11 07:00:00,https://encrypted-tbn0.gstatic.com/images?q=tbn:ANd9GcSQrhhN44o-KJIrBjSN6hAXL136M00U-Jh6IYILumuqgeT4x9rx,"['Изменение климата', 'Климат', 'улика', 'Человек', 'Углерод']"
"A 1922 newspaper article reported that ""radical change in climatic conditions"" was melting Arctic ice and disrupting wildlife.",Snopes.com,https://www.snopes.com/fact-check/warm-welcome/,True,2013-07-01 07:00:00,https://encrypted-tbn3.gstatic.com/images?q=tbn:ANd9GcQqtnwy9jVS-wBV5EwZ4eGRo3HPdyfLxWJ1B0EbSbGahtUlKiVA,"['Арктика', 'Климат', 'Ледяной покров Арктики', 'Лёд', 'Плавление', 'Газета']"
"A meme claims to show a Time magazine cover from 1977 warning of the ""Coming Ice Age.""",FactCheck.org,https://www.factcheck.org/2019/05/manipulated-time-cover-on-climate-recirculates/,False,2019-05-22 07:00:00,https://encrypted-tbn0.gstatic.com/images?q=tbn:ANd9GcTnnNCsz09xtMZ4a6udw3aGjobpSm7NpgDqHkHpRbKYaU-UtnWC,"['Time', 'Ледниковый период', 'Мем', 'Журнал', 'Лёд']"
"“The scientists told us three years ago that we had 12 years to avert the worst consequences of the climate crisis. We are now three years gone, so we have nine years left.”",The Washington Post,https://www.washingtonpost.com/politics/2021/02/22/kerrys-claim-that-we-have-nine-years-left-avert-climate-crisis/,Two Pinocchios,2021-02-22 08:00:00,https://encrypted-tbn2.gstatic.com/images?q=tbn:ANd9GcSb3vouVOmKCWTHdrKrHkxLLY7fGL9QqxFegEb9Lcf7WmRVaeKj,"['Изменение климата', 'Климат', 'Учёный', 'Соединенные Штаты Америки', 'Интервью']"
"The science is clear, climate change is making extreme weather events, including tornadoes, worse.",Climate Feedback,https://climatefeedback.org/claimreview/senator-sanders-claim-that-climate-change-is-making-tornadoes-worse-isnt-supported-by-published-research/,Misleading,2019-03-08 08:00:00,https://encrypted-tbn2.gstatic.com/images?q=tbn:ANd9GcTrLoN92wrrKqHm1rovgsLCZQcvvwq7ENbXZ6yXxcLbXxKITl_e,"['Изменение климата', 'Смерч', 'Климат', 'экстремальная погода', 'Наука', 'Погода']"
“It’s a good thing that we are putting some more carbon dioxide in the atmosphere. The scientific method has not been applied in such a way as to prove that carbon dioxide is causing the Earth to warm.”,Science Feedback,https://science.feedback.org/review/scientific-studies-established-clear-links-between-human-caused-increased-in-atmospheric-co2-and-global-warming-patrick-moore/,Incorrect,2020-12-18 08:00:00,https://encrypted-tbn0.gstatic.com/images?q=tbn:ANd9GcQPdb33PmLE-qXYK10atEZs94jP9v6gYYJcVrBdsUaUVVSrscIR,"['Диоксид углерода', 'Атмосфера', 'Наука', 'Земля', 'Научный метод', 'Атмосфера Земли', 'Ампер']"
"Trump's action could push the Earth over the brink, to become like Venus, with a temperature of two hundred and fifty degrees, and raining sulphuric acid.",Climate Feedback,https://climatefeedback.org/claimreview/earth-is-not-at-risk-of-becoming-a-hothouse-like-venus-as-stephen-hawking-claimed-bbc/,Incorrect,2017-07-06 07:00:00,,"['Венера', 'Земля', 'Кислоты', 'Серная кислота', 'Температура', 'Дождь']"
A 14 August 1912 article from a New Zealand newspaper contained a brief story about how burning coal might produce future warming by adding carbon dioxide to the atmosphere.,Snopes,https://www.snopes.com/fact-check/1912-article-global-warming/,True,2016-10-18 07:00:00,https://encrypted-tbn0.gstatic.com/images?q=tbn:ANd9GcRzewRsQUP7LyUs4J30dIyMLN171fmnusW_UtA-ibSkxLLnJTnW,"['Изменение климата', 'Газета', 'Статья', 'Атмосфера', 'Августа', 'Горение', 'Атмосфера Земли', 'Ископаемый уголь', 'Диоксид углерода']"
"Carbon dioxide is not ""a primary contributor to the global warming that we see.""",PolitiFact,https://www.politifact.com/factchecks/2017/mar/10/scott-pruitt/epa-head-scott-pruitt-says-carbon-dioxide-not-prim/,False,2017-03-10 08:00:00,,"['Диоксид углерода', 'Глобальное потепление', 'CNBC']"
"""Global warming. ... The oceans are going to rise. One-eighth of an inch within the next 250 years, we're going to be wiped out!""",FactCheck.org,https://www.factcheck.org/2019/12/trump-mocks-global-warming-lowballs-sea-level-rise/,1/8 Inch PER YEAR,2019-12-12 08:00:00,https://encrypted-tbn3.gstatic.com/images?q=tbn:ANd9GcS2j0f_OzIoNzT8tkwB4qThr4q7ihV9oBcaYCtGSiulf46hgu0e,"['Изменение климата', 'Океан', 'Дюйм', 'Пенсильвания']"
Most likely the primary control knob [on climate change] is the ocean waters and this environment that we live in.,Climate Feedback,https://climatefeedback.org/claimreview/energy-secretary-rick-perry-incorrectly-claims-co2-not-primary-cause-climate-change/,Incorrect,2017-06-20 07:00:00,https://encrypted-tbn0.gstatic.com/images?q=tbn:ANd9GcRgRmebsMfKlxKR08Vkm4YltGESAkJNB0plA_rxgy5RO9Uu4o1K,"['Климат', 'Изменение климата', 'Океан', 'Окружающая среда']"
"""Don’t forget it used to be called global warming. That wasn’t working. Then it was called climate change. Now it’s actually called extreme weather.""",FactCheck.org,https://www.factcheck.org/2019/06/trump-bungles-climate-change-in-uk/,False,2019-06-07 07:00:00,https://encrypted-tbn3.gstatic.com/images?q=tbn:ANd9GcTUM0cvltpCVm0fH4GH3kbsERrnYcVabnwOv3xsVjFhQslVrtjG,"['Климат', 'Изменение климата', 'Погода', 'экстремальная погода', 'Интервью']"
Harvard study finds that wind turbines create MORE global warming than the fossil fuels they eliminate,Climate Feedback,https://climatefeedback.org/claimreview/false-claim-wind-turbines-generate-more-global-warming-than-fossil-fuels-misrepresents-study-ethan-huff/,Inaccurate,2019-12-23 08:00:00,,"['Ветрогенератор', 'Изменение климата', 'Ископаемое топливо', 'Топливо', 'Турбина', 'Ветер', 'Фоссилии', 'Гарвардский университет']"
global warming ceased around the end of the twentieth century and was followed (since 1997) by 19 years of stable temperature,Climate Feedback,https://climatefeedback.org/claimreview/global-warming-not-ceased-heartland-institute-report-falsely-claims/,Inaccurate,2017-05-29 07:00:00,https://encrypted-tbn1.gstatic.com/images?q=tbn:ANd9GcToOeHvKGwUMBrvQHxoFmwaSmGbML79ORxoW0kWhK_Lw025HzhS,"['Изменение климата', 'Температура']"
"Climate scientists are ""driven by money.""",The New York Times,https://www.nytimes.com/2018/11/27/us/politics/climate-report-fact-check.html,This lacks evidence.,2018-11-27 08:00:00,https://encrypted-tbn1.gstatic.com/images?q=tbn:ANd9GcRpumq6__A7w2SSGnY-rZBRdrK0Kzgm0d3P9W9aZntK0YCrxrp9,"['Климат', 'Учёный', 'Деньги']"
"""The vast majority of Americans believe that climate change is real and we need to do something about it.""",PolitiFact,https://www.politifact.com/factchecks/2019/jun/06/michael-bennet/michael-bennet-right-majority-say-effects-global-w/,Mostly True,2019-06-06 07:00:00,,"['Изменение климата', 'Климат', 'Большинство', 'Соединенные Штаты Америки', 'CNN']"
'Global warming' is a myth — so say 80 graphs from 58 peer-reviewed scientific papers published in 2017.,Climate Feedback,https://climatefeedback.org/claimreview/breitbart-falsely-claims-58-studies-refute-human-caused-global-warming/,Inaccurate,2017-06-08 07:00:00,https://encrypted-tbn2.gstatic.com/images?q=tbn:ANd9GcRepkXmCVP0Wm1O9ES9hf1QWst3BoP5oxHKfT5msAPexvukVYZi,"['Глобальное потепление', 'Наука', 'Научный журнал', 'Рецензирование', 'Граф']"
"Says human activity, or carbon dioxide emissions, is not the “primary contributor” to global warming.",FactCheck.org,https://www.factcheck.org/2017/03/pruitt-on-climate-change-again/,Science Says He’s Wrong,2017-03-09 08:00:00,https://encrypted-tbn0.gstatic.com/images?q=tbn:ANd9GcTJ8Sob1FDTX4FjLoIM5-7faxSNc-Nx2PJZvJHG_IvoPnl1fdWs,"['Глобальное потепление', 'Диоксид углерода', 'Человек', 'CNBC', 'Squawk Box']"
"The climat report ""is based on the most extreme model scenario.""",The New York Times,https://www.nytimes.com/2018/11/27/us/politics/climate-report-fact-check.html,False,2018-11-27 08:00:00,https://encrypted-tbn1.gstatic.com/images?q=tbn:ANd9GcRpumq6__A7w2SSGnY-rZBRdrK0Kzgm0d3P9W9aZntK0YCrxrp9,['Климат']
"""I’m one of the first guys to introduce a climate change bill, way, way back in ‘87.""",PolitiFact,https://www.politifact.com/factchecks/2019/may/08/joe-biden/was-joe-biden-climate-change-pioneer-congress-hist/,True,2019-05-08 07:00:00,https://encrypted-tbn2.gstatic.com/images?q=tbn:ANd9GcSIuyw2SDl4BlEHohAud7iE4gwrGTxTLLbhZxIiTIaQ12ilg71F,"['Изменение климата', 'Климат', 'Речь']"
climate models have overestimated the amount of global warming and failed to predict what climatologists call the warming ‘hiatus’,Climate Feedback,https://climatefeedback.org/claimreview/daily-wire-article-incorrectly-claims-climate-models-have-overestimated-warming/,Incorrect,2017-09-22 07:00:00,https://encrypted-tbn0.gstatic.com/images?q=tbn:ANd9GcRRm85WpxXhBQz3gNCge19dCP-fpr-9scyWPEfyu1hbJgEyIXtQ,"['климатическая модель', 'Изменение климата', 'Климат', 'Климатолог', 'Пауза в глобальном потеплении', 'Предвидение']"
The United States is the cleanest country in the world.,The New York Times,https://www.nytimes.com/2018/11/27/us/politics/climate-report-fact-check.html,False,2018-11-27 08:00:00,https://encrypted-tbn1.gstatic.com/images?q=tbn:ANd9GcRpumq6__A7w2SSGnY-rZBRdrK0Kzgm0d3P9W9aZntK0YCrxrp9,"['Соединенные Штаты Америки', 'Страна']"
They tell us that we are the primary forces controlling earth temperatures by the burning of fossil fuels and releasing their carbon dioxide. I hope my readers can recognize the absurdity of their claims. … increasing sunspots are linked to increases in earth temperature,Climate Feedback,https://climatefeedback.org/claimreview/human-induced-increases-in-greenhouse-gases-are-the-primary-driver-of-global-warming-contrary-to-claims-in-cfact-article/,Incorrect,2020-04-15 07:00:00,https://encrypted-tbn1.gstatic.com/images?q=tbn:ANd9GcRnE74YNivr1u0Kr0QZUATXOBnqK5lfH133htf4lSnD0BR97KdY,"['Диоксид углерода', 'Земля', 'Ископаемое топливо', 'глобальный температурный рекорд', 'Сила', 'Топливо', 'Горение', 'Температура', 'Солнечные пятна']"
[climate scientists] say that aspects of the case of Hurricane Harvey suggest global warming is making a bad situation worse.,Climate Feedback,https://climatefeedback.org/claimreview/climate-change-likely-helped-increase-hurricane-harveys-rainfall-early-say-exactly-much/,Mostly_Correct,2017-08-29 07:00:00,https://encrypted-tbn2.gstatic.com/images?q=tbn:ANd9GcQyQbYdIVlZKmruQklMHYty_0kQdQC-7K7x4Gyfl3eHP0P6R24c,"['Изменение климата', 'Тропический циклон', 'Климат', 'Харви', 'Учёный']"
Historical data of temperature in the U.S. destroys global warming myth,Climate Feedback,https://climatefeedback.org/claimreview/temperature-trends-in-the-u-s-are-consistent-with-warming-around-the-world-contrary-to-electroverse-claim-cap-allon/,Flawed_Reasoning,2020-03-24 07:00:00,https://encrypted-tbn2.gstatic.com/images?q=tbn:ANd9GcSjDRJo736wa2Ut4jhYRxRc-GTrdwLbq0R6Kpg3FMHIkZxplr-v,"['Температура', 'Изменение климата', 'Соединенные Штаты Америки', 'Данные']"
During the last hundred years the temperature is increased about 0.1°C because of carbon dioxide. The human contribution was about 0.01°C.,Climate Feedback,https://climatefeedback.org/claimreview/non-peer-reviewed-manuscript-falsely-claims-natural-cloud-changes-can-explain-global-warming/,Incorrect,2019-07-12 07:00:00,https://encrypted-tbn0.gstatic.com/images?q=tbn:ANd9GcQdudU45Yg-CX_Scr9R79anQoWujei9I9t2T5bFyFDWL43UeKMh,"['Диоксид углерода', 'Человек', 'Углерод', 'Температура']"
"""Climate change is nothing but a bunch of computer models that attempt to tell us what's going to happen in 50 years or 30. Notice the predictions are never for next year or the next 10 years. They're always for way, way, way, way out there, when none of us are going to be around or alive to know whether or not they were true.""",PolitiFact,https://www.politifact.com/factchecks/2019/feb/19/rush-limbaugh/scientists-response-rush-limbaughs-climate-denial-/,False,2019-02-19 08:00:00,,"['Изменение климата', 'Климат', 'Компьютер', 'Предвидение']"
“It’s a good thing that we are putting some more carbon dioxide in the atmosphere. The scientific method has not been applied in such a way as to prove that carbon dioxide is causing the Earth to warm.”,Climate Feedback,https://climatefeedback.org/claimreview/scientific-studies-established-clear-links-between-human-caused-increased-in-atmospheric-co2-and-global-warming-patrick-moore/,Incorrect,2020-12-18 08:00:00,,"['Диоксид углерода', 'Атмосфера', 'Наука', 'Земля', 'Научный метод', 'Атмосфера Земли', 'Ампер']"
"So that means that probably about half, maybe half of that nine-tenths of the degree [of total warming] might be caused by greenhouse gases",Climate Feedback,https://climatefeedback.org/claimreview/on-fox-news-patrick-michaels-falsely-claims-humans-are-only-responsible-for-half-of-global-warming/,Incorrect,2019-07-09 07:00:00,https://encrypted-tbn0.gstatic.com/images?q=tbn:ANd9GcRZmJ6ReiV2Vl6K9c43R91V96SNAnqwrEd6R6D_zynAFcdqbxRZ,"['Изменение климата', 'Парниковые газы', 'Теплица', 'Газ']"
"the IPCC is wrong − the sun, not CO2, drove modern global warming",Climate Feedback,https://climatefeedback.org/claimreview/electroverse-article-incorrectly-claims-the-sun-is-behind-climate-change/,Incorrect,2020-03-18 07:00:00,https://encrypted-tbn0.gstatic.com/images?q=tbn:ANd9GcSQrhhN44o-KJIrBjSN6hAXL136M00U-Jh6IYILumuqgeT4x9rx,"['Изменение климата', 'Солнце', 'Межправительственная группа экспертов по изменению климата', 'Диоксид углерода']"
"Science said in the: 70s, another ice age in 10 years; 80s, acid rain will destroy all crops in 10 years; 90s: the ozone layer will be destroyed in 10 years; 2000’s the ice caps will be gone on 10 years",Climate Feedback,https://climatefeedback.org/claimreview/scientists-didnt-announce-impending-environmental-catastrophes-every-decade-since-the-1970s/,Inaccurate,2021-03-03 08:00:00,,"['Наука', '1970-е годы', 'Год', '1990-е годы', '1980-е годы', 'Кислоты', '2000-е годы']"
"""...the earth moves closer to the sun every year – you know the rotation of the earth. We’re moving closer to the sun.""",PolitiFact,https://www.politifact.com/factchecks/2017/mar/31/scott-wagner/pa-gopers-climate-change-theory-debunked-nope-not-/,False,2017-03-31 07:00:00,,"['Земля', 'Суточное вращение Земли', 'Вращение']"
"If we want to protect ourselves from the coronavirus, we must back away from all the climate change efforts we've been making",Health Feedback,https://healthfeedback.org/claimreview/global-warming-and-the-covid-19-pandemic-are-unrelated-issues-one-will-not-protect-us-from-the-other-life-site-news/,Flawed_Reasoning,2020-03-25 07:00:00,,"['COVID-19', 'Изменение климата', 'Климат']"
"Wrote that climate scientists have predicted “global temperatures would increase more than one degree Celsius by 2020,"" but observed temperatures have been only “half as high.”",FactCheck.org,https://www.factcheck.org/2018/03/smiths-error-filled-climate-op-ed/,False,2018-03-23 07:00:00,https://encrypted-tbn2.gstatic.com/images?q=tbn:ANd9GcTFIY1k5XRmScdrjQZbnWCVqWVJBfZFTdf7roy3Ww5rGwQvdaFa,"['Климат', 'Op-ed', 'Температура', 'глобальный температурный рекорд', 'Учёный', 'Градус Цельсия', 'Fox News', 'Предвидение']"
"""Even if the Paris Agreement were implemented in full, with total compliance from all nations, it is estimated it would only produce a two-tenths of one degree ... Celsius reduction in global temperature by the year 2100.""",FactCheck.org,https://www.factcheck.org/2017/06/will-paris-tiny-effect-warming/,Not the Whole Story,2017-06-14 07:00:00,https://encrypted-tbn3.gstatic.com/images?q=tbn:ANd9GcTsgVdE48LlvphKmOuUP1bhyrb56ECJ4GZdxth5VIpXgZtNRcO1,"['Парижское соглашение', 'Температура', 'глобальный температурный рекорд', 'Градус Цельсия', '2100']"
Sky News host Rowan Dean claims that a graph shows temperatures haven't risen in more than two decades.,Australian Associated Press,https://www.aap.com.au/factcheck/has-there-really-been-no-warming-of-the-planet-in-22-years/,False – The checkable claim is false.,2021-01-29 08:00:00,https://encrypted-tbn0.gstatic.com/images?q=tbn:ANd9GcTq-lE6JTsf1BvA8bvfA0Eg8sMJ-apAnwc_jj6smZTG8IfGhz0c,"['Температура', 'Роуэн Дин', 'Sky News Australia']"
"Claims Mike Pence, the Republican vice presidential nominee, “says ‘climate change is a myth.'""",FactCheck.org,https://www.factcheck.org/2016/11/pences-stance-on-climate-change/,Outdated Evidence,2016-11-03 07:00:00,https://encrypted-tbn3.gstatic.com/images?q=tbn:ANd9GcRkmhsF9FLrlvGDWxbzQITb9nR8mllJRC-qgMqm5TiJTkhNqH8G,"['Майк Пенс', 'Изменение климата', 'Климат', 'Вице-президент США', 'Республиканская партия', 'Кандидат', 'Дабек', 'Айова']"
There isn’t yet any empirical evidence for their claim that greenhouse gases even cause temperatures to increase.,Climate Feedback,https://climatefeedback.org/claimreview/rush-limbaugh-falsely-claims-there-is-no-evidence-of-human-caused-global-warming/,Inaccurate,2018-04-04 07:00:00,https://encrypted-tbn2.gstatic.com/images?q=tbn:ANd9GcTn8vxLZTZwfc0JIdZdnoxmZlvYXvtUg2vVoUuHkgZO6e0rJHhu,"['Парниковые газы', 'улика', 'Эмпирика', 'Температура', 'Газ', 'Теплица']"
"Global warming leads to much quicker spread of the Zika virus because the increased temperature, ""makes mosquitoes mature faster, . . . bite more due to having a higher metabolism, and makes the Zika virus inside of them incubate faster.""",PolitiFact,https://www.politifact.com/factchecks/2016/oct/28/al-gore/al-gore-claims-global-warming-will-lead-faster-spr/,Half True,2016-10-28 07:00:00,,"['Лихорадка Зика', 'Вирус', 'Комары', 'Температура', 'Обмен веществ', 'Инкубационный период']"
"Says ""Donald Trump says climate change is a hoax invented by the Chinese.""",PolitiFact,https://www.politifact.com/factchecks/2016/jun/03/hillary-clinton/yes-donald-trump-did-call-climate-change-chinese-h/,Mostly True,2016-06-03 07:00:00,,"['Дональд Трамп', 'Изменение климата', 'Мистификация', 'Климат', 'Китай']"
"the Intergovernmental Panel on Climate Change is misleading humanity about climate change and sea levels, and that in fact a new solar-driven cooling period is not far off",Climate Feedback,https://climatefeedback.org/claimreview/sky-news-australia-interview-falsely-claims-that-global-cooling-is-coming-soon/,Incorrect,2019-07-18 07:00:00,https://encrypted-tbn1.gstatic.com/images?q=tbn:ANd9GcTjIGaKVEujtoei3JLVk3pMnZsJUmZuB6aI6dbxwHDCnp4XkUeG,"['Изменение климата', 'Климат', 'Межправительственная группа экспертов по изменению климата', 'Современное повышение уровня моря', 'Человек', 'Факт']"
"Donald Trump has called global warming a ""hoax"" on multiple occasions.",Snopes.com,https://www.snopes.com/fact-check/donald-trump-global-warming-hoax/,True,2016-09-27 07:00:00,https://encrypted-tbn2.gstatic.com/images?q=tbn:ANd9GcRLOSWrd2OGojF_QTB9gMC9n4GUy9HosofGId-ae1zeHl-RtEXn,"['Дональд Трамп', 'Мистификация', 'Изменение климата']"
"Global warming will result in ""more evaporation"" and more rain in ""more places,"" and that's ""surely gotta shrink the deserts and expand the green growth.""",FactCheck.org,https://www.factcheck.org/2019/05/steve-kings-climate-change-rainfall-claims/,We Explain the Science,2019-05-10 07:00:00,https://encrypted-tbn2.gstatic.com/images?q=tbn:ANd9GcT3fg8v77Opn6nplMEguKYD712v2fEBNZIhMwcKA9JiktcBRznu,"['Дождь', 'Глобальное потепление', 'Испарение', 'Айова', 'Пустыня']"
"30,000 scientists have signed a petition arguing that there is no convincing scientific evidence for anthropogenic climate change.",Snopes,https://www.snopes.com/fact-check/30000-scientists-reject-climate-change/,Mostly False,2016-10-24 07:00:00,https://encrypted-tbn0.gstatic.com/images?q=tbn:ANd9GcSD9068Bk1hUuqzFVeq6uQdtHdr7-eTPGq6IBp7tpKR8u3K2XXc,"['Изменение климата', 'Учёный', 'Климат', 'Наука', 'улика', 'Петиция', 'Аргумент', 'Метод подтверждения в науке']"
Suggests global warming isn’t necessarily “a bad thing” because “humans have most flourished during times of … warming.”,FactCheck.org,https://www.factcheck.org/2018/02/will-global-warming-benefit-civilization/,Distorts the Facts,2018-02-12 08:00:00,https://encrypted-tbn2.gstatic.com/images?q=tbn:ANd9GcRfY-owejCei7ArtiC0Zwln05puO8YJUARBMwvxQonpWIbfaDtu,"['Изменение климата', 'Человек']"
"""Most likely the primary control knob (for the earth’s temperature) is the ocean waters and this environment that we live in.""",PolitiFact,https://www.politifact.com/factchecks/2017/jun/22/rick-perry/rick-perry-wrongly-downplays-human-role-climate-ch/,False,2017-06-22 07:00:00,,"['Земля', 'Окружающая среда', 'Температура', 'Океан']"
"Viral posts claim that climate change is a ""made-up catastrophe.""",FactCheck.org,https://www.factcheck.org/2019/05/no-climate-change-isnt-made-up/,False,2019-05-08 07:00:00,https://encrypted-tbn3.gstatic.com/images?q=tbn:ANd9GcQz1b16IMSRZ9LpE0uBQr83QzFXO46rpJr1GFUadmIIUkwi80XX,"['Изменение климата', 'Климат']"
"There is no factual data to back up global warming; real scientists don’t know whether CO2, solar sunspots or natural activity cause global warming",Climate Feedback,https://climatefeedback.org/claimreview/in-viral-turning-point-usa-video-candace-owens-and-charlie-kirk-falsely-claim-there-is-no-evidence-of-global-warming-and-scientists-dont-know-the-cause/,Inaccurate,2021-04-16 07:00:00,https://encrypted-tbn2.gstatic.com/images?q=tbn:ANd9GcQ6mk40jhzh5J7setZTD8mDtdllCHhT4_EzJS8--bCvDjlYCM4A,"['Изменение климата', 'Учёный', 'Солнечные пятна', 'Факт', 'Диоксид углерода', 'Знание', 'Данные']"
The idea that 'climate change' is new or is caused by Humans is nonsense.,Climate Feedback,https://climatefeedback.org/claimreview/facebook-meme-incorrectly-claims-past-climate-variations-contradict-human-influence-on-current-climate/,Incorrect,2020-01-13 08:00:00,,"['Изменение климата', 'Климат', 'Человек', 'Идея']"
"[NASA] has been adjusting temperatures from the past[...] downward, while adjusting current-day temperatures upward, and those changes are responsible for most of the claimed global warming during that time.",Climate Feedback,https://climatefeedback.org/claimreview/nasa-did-not-create-global-warming-by-manipulating-data-tony-heller-steven-goddard/,Inaccurate,2019-07-01 07:00:00,https://encrypted-tbn3.gstatic.com/images?q=tbn:ANd9GcTXfAB1wTkZJfrUs9gDNF2nwNbyY0wBTabEjimi8ubC7h5HiCjH,"['Глобальное потепление', 'НАСА', 'Температура', 'Время']"
Of course the climate is changing. It always has. It always will.,Climate Feedback,https://climatefeedback.org/claimreview/current-climate-warming-is-rapid-and-occurring-on-a-global-scale-unlike-past-periods-of-regional-climate-fluctuations/,Misleading,2020-02-21 08:00:00,https://encrypted-tbn2.gstatic.com/images?q=tbn:ANd9GcTwBcpd_60rxJLvMH9XtIPJq9G0ZA9SvPXm0JxoXj18PT_MU0Y5,['Изменение климата']
Climate change is not real because there is snow in my yard.,The New York Times,https://www.nytimes.com/2016/04/03/science/even-in-a-warming-world-it-will-still-snow-somewhere.html,This confuses climate for weather.,2016-04-02 07:00:00,https://encrypted-tbn2.gstatic.com/images?q=tbn:ANd9GcQNvmKeOFK7UYEyPydGXIcfenEYbBnMqIhZpTpRLJx0RoFtAyG7,"['Изменение климата', 'Снег', 'Климат']"
"Forest fires are caused by poor management, not by climate change",AFP Fact Check,https://factcheck.afp.com/climate-change-key-factor-behind-california-wildfires,False,2020-09-18 07:00:00,https://encrypted-tbn1.gstatic.com/images?q=tbn:ANd9GcTe1leK2FAIzYbjU_MDPMM49_djS3JZ9ySMzyOs_OZ7_KxFpogX,"['Лесной пожар', 'Изменение климата', 'Климат', 'Огонь', 'Лес', 'Менеджмент']"
"""How to Survive The Coming Ice Age"" was a Time magazine cover story in 1977.",PolitiFact,https://www.politifact.com/factchecks/2019/may/23/viral-image/no-time-magazine-cover-didnt-tell-readers-how-surv/,False,2019-05-23 07:00:00,,"['Ледниковый период', 'Time', 'Журнал', 'Лёд']"
Time magazine covers from 2006 and 2017 highlighted articles warning about global warming and a pandemic.,Snopes,https://www.snopes.com/fact-check/time-magazine-cover-warnings/,True,2020-04-09 07:00:00,https://encrypted-tbn1.gstatic.com/images?q=tbn:ANd9GcSCxAIJprrrMZT3tN5f-KYTitGZYZKYSDJIpeG_v5-Bn5k7RM4I,"['Глобальное потепление', 'Time', 'Изменение климата', 'Пандемия', 'Журнал']"
A total of 58 peer-reviewed papers published in the first half of 2017 conclude that global warming is a myth.,Snopes,https://www.snopes.com/fact-check/scientific-papers-global-warming-myth/,False,2017-06-08 07:00:00,https://encrypted-tbn3.gstatic.com/images?q=tbn:ANd9GcStJGX2ZoQORXZTioHgWXeZcTfEMw7UvCgAt2Yc1TzSxwFvkg2b,"['Глобальное потепление', 'научная статья', 'Рецензирование']"
"Based on the increase of solar activity during the twentieth century, it should account for between half to two-thirds of all climate change",Climate Feedback,https://climatefeedback.org/claimreview/claim-that-cosmic-rays-are-a-crucial-player-for-current-climate-change-is-unsupported-nir-shaviv-electroverse-global-warming-policy-foundation/,Incorrect,2019-08-13 07:00:00,https://encrypted-tbn0.gstatic.com/images?q=tbn:ANd9GcSQrhhN44o-KJIrBjSN6hAXL136M00U-Jh6IYILumuqgeT4x9rx,"['Изменение климата', 'Климат', 'Солнечная цикличность']"
"Climate change is not happening, there is no significant man-made global warming now, there hasn't been any in the past, and there's no reason to expect any in the future.",Climate Feedback,https://climatefeedback.org/claimreview/there-are-clear-evidence-for-climate-change-contrary-to-claims-by-john-coleman/,Incorrect,2019-04-30 07:00:00,https://encrypted-tbn0.gstatic.com/images?q=tbn:ANd9GcSJHMS2iNFaHDmcxaA293KXgiJJGsg0IIIoZv5uoJAb6U7SJ9pk,"['Изменение климата', 'Климат', 'Будущее']"
"Using complex statistical models, [NOAA] change[s] the data to reflect not reality, but their underlying theories of global warming.",Climate Feedback,https://climatefeedback.org/claimreview/noaa-does-not-fraudulently-adjust-data-to-create-the-illusion-of-a-global-warming-trend-investors/,Inaccurate,2020-02-19 08:00:00,https://encrypted-tbn1.gstatic.com/images?q=tbn:ANd9GcSxu2Fss9nd-DaZST3Q-K4rsrB8gbYyzbLGJg9CKdmDfsE-U9mI,"['Национальное управление океанических и атмосферных исследований США', 'Изменение климата', 'Данные', 'Статистическая модель', 'Теория', 'Статистика', 'Реальность']"
"[Photo] A little science lesson for the #idiots at the global warming conference. Ice berg melts, ocean level remains the same.",Climate Feedback,https://climatefeedback.org/claimreview/ice-cube-meme-misrepresents-physics-of-sea-level-rise-to-claim-melting-ice-has-no-effect/,Incorrect,2019-12-17 08:00:00,https://encrypted-tbn0.gstatic.com/images?q=tbn:ANd9GcQ6Lm1LKE3eilv8Y0p0Jb_tjtvjgzp07A-0TcCWxK-RvNmxQTyy,"['Лёд', 'Плавление', 'Глобальное потепление', 'Наука', 'Айсберг', 'Океан', 'Ампер', 'Конференция ООН об изменении климата']"
Boris Johnson has said that climate change is a primitive fear without foundation.,Full Fact,https://fullfact.org/environment/Johnson-climate-change/,"Mr Johnson did not say that climate change in general is a primitive fear without foundation, but has expressed views sceptical of the scale of the human impact on the climate.",2020-02-06 08:00:00,https://encrypted-tbn3.gstatic.com/images?q=tbn:ANd9GcT7KM5QqYpPGfacpp_NsED09nk4yEOwlcy0CT4Cl_keZIQn68TJ,"['Изменение климата', 'Борис Джонсон', 'Климат']"
I would not agree that [carbon dioxide is] a primary contributor to the global warming that we see.,Climate Feedback,https://climatefeedback.org/claimreview/science-shows-humans-primarily-responsible-climate-change-counter-epa-administrator-scott-pruitts-claim/,Incorrect,2017-03-10 08:00:00,https://encrypted-tbn1.gstatic.com/images?q=tbn:ANd9GcTMR0BmVvZbRW8ly4sbjYytdlIpJOj_BpXTunwLhf2DdNfhEK1r,"['Изменение климата', 'Диоксид углерода']"
"[T]he raw data, the actual thermometer data[...] shows that the US has been cooling for 80 to 90 years. But the graphs they release to the public show warming trend, and it's all because they've altered the data.",Climate Feedback,https://climatefeedback.org/claimreview/hosted-by-former-australian-senator-tony-heller-repeats-false-claim-that-scientists-fake-the-warming-trend/,Inaccurate,2019-08-05 07:00:00,https://encrypted-tbn1.gstatic.com/images?q=tbn:ANd9GcSHAMkSotIpk931gAmJAvp5wWxWL__0pSjyrUVeUTijxVzbfjqd,"['Изменение климата', 'Данные', 'сырые данные', 'Термометр', 'Соединенные Штаты Америки']"
the U.S. is shattering high temperature records far more frequently than it is shattering low temperature records,Climate Feedback,https://climatefeedback.org/claimreview/heat-waves-u-s-already-become-frequent-intense-due-global-warming/,Accurate,2016-07-24 07:00:00,https://encrypted-tbn3.gstatic.com/images?q=tbn:ANd9GcRe6_FbOm490khTOJZiwZT1jbfilct7Og0SfawNNGsMngC56OKp,['Температура']
When the exact same group of 'experts' who claimed it was global cooling in 1977 now claim it's global warming you can easily see why I am skeptical,Climate Feedback,https://climatefeedback.org/claimreview/1977-coming-ice-age-time-magazine-cover-is-a-fake/,Inaccurate,2019-12-16 08:00:00,https://encrypted-tbn3.gstatic.com/images?q=tbn:ANd9GcRjIsTgWnqXuCXzzKseqn58I6YbUxIVF4o8W3nW-h_tHHEjVOaD,"['Изменение климата', 'Глобальное похолодание']"
"The scientific consensus on whether global warming is human caused is not 97 percent, it’s less than 1 percent. There is no way to measure the human impact on climate change.",Climate Feedback,https://climatefeedback.org/claimreview/climate-scientists-agree-that-human-caused-greenhouse-gas-emissions-are-primarily-responsible-for-climate-change-contrary-to-claims-in-clear-energy-alliance-video/,Incorrect,2020-06-25 07:00:00,https://encrypted-tbn2.gstatic.com/images?q=tbn:ANd9GcSLdkrvl5P7K9D328sfCbv4UK7jbiClwiy-slEfWpZf9SSnmAtQ,"['Изменение климата', 'Климат', 'Научный консенсус', 'Наука', 'Человек', 'Измерение']"
Most of the recent warming could be natural,Climate Feedback,https://climatefeedback.org/claimreview/incorrect-claim-global-warming-mostly-natural-based-on-study-that-cant-support-conclusion-jennifer-marohasy-john-abbot/,Incorrect,2017-09-07 07:00:00,https://encrypted-tbn1.gstatic.com/images?q=tbn:ANd9GcTaoOO5stL_yA2v25Xk_b3B2gq-YbhSZ48dVKy11HBlWE4WhJrn,['Изменение климата']
"[O]ne of the previously fastest shrinking glaciers in the world is growing again, calling into question the narrative that rapid climate change [...] poses a significant threat to the existence of the human race",Climate Feedback,https://climatefeedback.org/claimreview/blaze-article-badly-misrepresents-study-of-greenlands-jakobshavn-glacier/,Flawed_Reasoning,2019-03-29 07:00:00,https://encrypted-tbn3.gstatic.com/images?q=tbn:ANd9GcTcZEMwohFPo9hHqf7Fiv0ZagEUZYi2N5ZO7gXMP-Sn_Z-UR7fI,"['Ледник', 'Изменение климата', 'Климат', 'резкое изменение климата', 'Человек', 'Нарратив', 'Вопрос']"
Cow farts are a major source of greenhouse gas emissions.,Snopes,https://www.snopes.com/fact-check/cow-farts-global-warming/,Mixture,2021-04-27 07:00:00,https://encrypted-tbn3.gstatic.com/images?q=tbn:ANd9GcT2oLMsJ3671o70xiZjcDQ_hpeZLfCCYu7vjw3RLMJa19aEz1qh,"['Флатус', 'Крупный рогатый скот']"
"Solar forcings are not too small to explain twentieth century warming. In fact, their effect could be equal to or greater than the effect of CO2 in the atmosphere.",Climate Feedback,https://climatefeedback.org/claimreview/the-sun-cannot-explain-recent-global-warming-contrary-to-what-heartland-institute-report-claims/,Incorrect,2017-05-03 07:00:00,https://encrypted-tbn1.gstatic.com/images?q=tbn:ANd9GcQsYe4oypqy-dZyKBUazvnLruilPL6sfNeMaePWJTXeEQJyXITr,"['Изменение климата', 'Атмосфера', 'Диоксид углерода', 'Факт']"
